{
  "experiments": [
    {
      "experiment_name": "Linear-LowNoise",
      "n_cells": 100,
      "n_steps": 500,
      "correlation": -0.002444383306090069,
      "p_value": 0.6532929640222573,
      "slope": -47145114474.34173,
      "direction_accuracy": 1.0,
      "consistent": true
    },
    {
      "experiment_name": "Linear-HighNoise",
      "n_cells": 100,
      "n_steps": 500,
      "correlation": -0.011872797376209197,
      "p_value": 0.03038653209292116,
      "slope": -2257942812750.5825,
      "direction_accuracy": 0.8467761337663899,
      "consistent": true
    },
    {
      "experiment_name": "Gaussian-Source",
      "n_cells": 100,
      "n_steps": 500,
      "correlation": -0.9828022393305155,
      "p_value": 0.0,
      "slope": -0.5016333947647158,
      "direction_accuracy": 0.9663037843442198,
      "consistent": true
    },
    {
      "experiment_name": "Linear-ManyCells",
      "n_cells": 500,
      "n_steps": 200,
      "correlation": -0.004017831363834596,
      "p_value": 0.26661437537697924,
      "slope": -162381612754.01273,
      "direction_accuracy": 1.0,
      "consistent": true
    }
  ],
  "summary": {
    "total": 4,
    "consistent": 4,
    "caveat": "Simulated data - need real cell tracking for validation"
  }
}